State;City;District;Address
RJ;Rio de Janeiro;BARRA DA TIJUCA;Avenida Adolpho de Vasconcelos,204
RJ;Rio de Janeiro;BARRA DA TIJUCA;Avenida Afonso Arinos de Melo Franco,222
RJ;Rio de Janeiro;BARRA DA TIJUCA;Avenida Afonso de Taunay,724
RJ;Rio de Janeiro;BARRA DA TIJUCA;Avenida Armando Lombardi,400
RJ;Rio de Janeiro;BARRA DA TIJUCA;AVENIDA AVENIDA DOS FLAMBOYANTS,855
RJ;Rio de Janeiro;BARRA DA TIJUCA;Avenida Ayrton Senna,2150
RJ;Rio de Janeiro;BARRA DA TIJUCA;Avenida Ayrton Senna,2200
RJ;Rio de Janeiro;BARRA DA TIJUCA;Avenida Ayrton Senna,2451
RJ;Rio de Janeiro;BARRA DA TIJUCA;Avenida Ayrton Senna,2541
RJ;Rio de Janeiro;BARRA DA TIJUCA;Avenida Ayrton Senna,2550
RJ;Rio de Janeiro;BARRA DA TIJUCA;Avenida Ayrton Senna,3000
RJ;Rio de Janeiro;BARRA DA TIJUCA;Avenida Ayrton Senna,540
RJ;Rio de Janeiro;BARRA DA TIJUCA;Avenida Carlos Peixoto,20
RJ;Rio de Janeiro;BARRA DA TIJUCA;Avenida Cláudio Besserman Vianna,12
RJ;Rio de Janeiro;BARRA DA TIJUCA;Avenida das AMERICAS,101
RJ;Rio de Janeiro;BARRA DA TIJUCA;AVENIDA DAS AMERICAS,1650
RJ;Rio de Janeiro;BARRA DA TIJUCA;Avenida das AMERICAS,2480
RJ;Rio de Janeiro;BARRA DA TIJUCA;Avenida das AMERICAS,3443
RJ;Rio de Janeiro;BARRA DA TIJUCA;Avenida das AMERICAS,3700
RJ;Rio de Janeiro;BARRA DA TIJUCA;Avenida das AMERICAS,3900
RJ;Rio de Janeiro;BARRA DA TIJUCA;Avenida das AMERICAS,4200
RJ;Rio de Janeiro;BARRA DA TIJUCA;AVENIDA DAS AMERICAS,4430
RJ;Rio de Janeiro;BARRA DA TIJUCA;AVENIDA DAS AMERICAS,4485
RJ;Rio de Janeiro;BARRA DA TIJUCA;AVENIDA DAS AMERICAS,4567
RJ;Rio de Janeiro;BARRA DA TIJUCA;AVENIDA DAS AMERICAS,4666
RJ;Rio de Janeiro;BARRA DA TIJUCA;AVENIDA DAS AMERICAS,500
RJ;Rio de Janeiro;BARRA DA TIJUCA;AVENIDA DAS AMERICAS,5150
RJ;Rio de Janeiro;BARRA DA TIJUCA;Avenida das AMERICAS,5300
RJ;Rio de Janeiro;BARRA DA TIJUCA;Avenida das AMERICAS,700
RJ;Rio de Janeiro;BARRA DA TIJUCA;Avenida das AMERICAS,7607
RJ;Rio de Janeiro;BARRA DA TIJUCA;AVENIDA DAS AMERICAS,7777
RJ;Rio de Janeiro;BARRA DA TIJUCA;AVENIDA DAS AMERICAS,7899
RJ;Rio de Janeiro;BARRA DA TIJUCA;Avenida das AMERICAS,8505
RJ;Rio de Janeiro;BARRA DA TIJUCA;Avenida das AMERICAS,8585
RJ;Rio de Janeiro;BARRA DA TIJUCA;AVENIDA DAS AMERICAS,900
RJ;Rio de Janeiro;BARRA DA TIJUCA;Avenida das AMERICAS,9005
RJ;Rio de Janeiro;BARRA DA TIJUCA;Avenida Embaixador Abelardo Bueno,1300
RJ;Rio de Janeiro;BARRA DA TIJUCA;Avenida Embaixador Abelardo Bueno,3401
RJ;Rio de Janeiro;BARRA DA TIJUCA;Avenida Embaixador Abelardo Bueno,3500
RJ;Rio de Janeiro;BARRA DA TIJUCA;Avenida Gastão Senges,395
RJ;Rio de Janeiro;BARRA DA TIJUCA;Avenida Gilberto Amado,1080
RJ;Rio de Janeiro;BARRA DA TIJUCA;Avenida João Cabral de Mello Neto,850
RJ;Rio de Janeiro;BARRA DA TIJUCA;AVENIDA Jornalista Ricardo Marinho,150
RJ;Rio de Janeiro;BARRA DA TIJUCA;Avenida José Silva de Azevedo Neto,200
RJ;Rio de Janeiro;BARRA DA TIJUCA;Avenida Lúcio Costa,2630
RJ;Rio de Janeiro;BARRA DA TIJUCA;AVENIDA LUCIO COSTA,3150
RJ;Rio de Janeiro;BARRA DA TIJUCA;Avenida Lúcio Costa,4600
RJ;Rio de Janeiro;BARRA DA TIJUCA;Avenida Lúcio Costa,5210
RJ;Rio de Janeiro;BARRA DA TIJUCA;Avenida Lúcio Costa,6500
RJ;Rio de Janeiro;BARRA DA TIJUCA;Avenida Lúcio Costa,9600
RJ;Rio de Janeiro;BARRA DA TIJUCA;Avenida Ministro Ivan Lins,340
RJ;Rio de Janeiro;BARRA DA TIJUCA;Avenida Prefeito Dulcídio Cardoso,1000
RJ;Rio de Janeiro;BARRA DA TIJUCA;AVENIDA PROFESSOR FAUSTO MOREIRA,46
RJ;Rio de Janeiro;BARRA DA TIJUCA;AVENIDA REPORTER NESTOR MOREIRA,76
RJ;Rio de Janeiro;BARRA DA TIJUCA;Avenida Salvador Allende,5
RJ;Rio de Janeiro;BARRA DA TIJUCA;AVENIDA SALVADOR ALLENDE,6555
RJ;Rio de Janeiro;BARRA DA TIJUCA;AVENIDA SERNAMBETIBA,3460
RJ;Rio de Janeiro;BARRA DA TIJUCA;ESTRADA DA BARRA DA TIJUCA,777
RJ;Rio de Janeiro;BARRA DA TIJUCA;Rua Almirante Heráclito da Graça Aranha,279
RJ;Rio de Janeiro;BARRA DA TIJUCA;Rua General Ivan Raposo,500
RJ;Rio de Janeiro;BARRA DA TIJUCA;RUA JOSE DE FIGUEIREDO,44
RJ;Rio de Janeiro;BARRA DA TIJUCA;Rua Professor Coutinho Fróis,10
RJ;Rio de Janeiro;BARRA DA TIJUCA;RUA PROFESSOR FAUSTO MOREIRA,46
RJ;Rio de Janeiro;BARRA DA TIJUCA;RUA RODOLFO AMOEDO, 69
RJ;Rio de Janeiro;BARRA DA TIJUCA;Rua Zacarias da Silva,560
RJ;Rio de Janeiro;BOTAFOGO;Av Gomes Freire,474
RJ;Rio de Janeiro;BOTAFOGO;AVENIDA ERASMO BRAGA,115
RJ;Rio de Janeiro;BOTAFOGO;AVENIDA GOMES FREIRE,471
RJ;Rio de Janeiro;BOTAFOGO;Avenida Pasteur,520
RJ;Rio de Janeiro;BOTAFOGO;AVENIDA REPUBLICA DO CHILE,230
RJ;Rio de Janeiro;BOTAFOGO;PRAIA DE BOTAFOGO,228
RJ;Rio de Janeiro;BOTAFOGO;PRAIA DE BOTAFOGO,288
RJ;Rio de Janeiro;BOTAFOGO;Praia de Botafogo,400
RJ;Rio de Janeiro;BOTAFOGO;Rua Álvaro Ramos,350
RJ;Rio de Janeiro;BOTAFOGO;Rua Assis Bueno,39
RJ;Rio de Janeiro;BOTAFOGO;Rua Assunção,501
RJ;Rio de Janeiro;BOTAFOGO;RUA BAMBINA,98
RJ;Rio de Janeiro;BOTAFOGO;Rua das Palmeiras,25
RJ;Rio de Janeiro;BOTAFOGO;Rua General Goes Monteiro,20
RJ;Rio de Janeiro;BOTAFOGO;Rua General Goes Monteiro,8
RJ;Rio de Janeiro;BOTAFOGO;Rua General Severiano,208
RJ;Rio de Janeiro;BOTAFOGO;Rua General Severiano,49
RJ;Rio de Janeiro;BOTAFOGO;RUA GENERAL SEVERIANO,90
RJ;Rio de Janeiro;BOTAFOGO;Rua General Severiano,97
RJ;Rio de Janeiro;BOTAFOGO;Rua Guilhermina Guinle,211
RJ;Rio de Janeiro;BOTAFOGO;RUA LAURO MULLER,116
RJ;Rio de Janeiro;BOTAFOGO;RUA MARECHAL NIEMEYER,6
RJ;Rio de Janeiro;BOTAFOGO;Rua Marquês de Olinda,12
RJ;Rio de Janeiro;BOTAFOGO;RUA MARQUES DE OLINDA,70
RJ;Rio de Janeiro;BOTAFOGO;RUA MUNIZ BARRETO,366
RJ;Rio de Janeiro;BOTAFOGO;Rua Real Grandeza,139
RJ;Rio de Janeiro;BOTAFOGO;RUA REAL GRANDEZA,219
RJ;Rio de Janeiro;BOTAFOGO;Rua São Clemente,10
RJ;Rio de Janeiro;BOTAFOGO;Rua São Clemente,257
RJ;Rio de Janeiro;BOTAFOGO;RUA VOLUNTARIOS DA PATRIA,180
RJ;Rio de Janeiro;BOTAFOGO;Rua Voluntários da Pátria,45
RJ;Rio de Janeiro;CENTRO;Avenida Almirante Barroso,78
RJ;Rio de Janeiro;CENTRO;Avenida Almirante Barroso,81
RJ;Rio de Janeiro;CENTRO;Avenida Almirante Sílvio de Noronha,365
RJ;Rio de Janeiro;CENTRO;AVENIDA General Justo,160
RJ;Rio de Janeiro;CENTRO;Avenida Gomes Freire,474
RJ;Rio de Janeiro;CENTRO;Avenida Graça Aranha,1
RJ;Rio de Janeiro;CENTRO;Avenida Marechal Câmara,160
RJ;Rio de Janeiro;CENTRO;Avenida Marechal Floriano,114
RJ;Rio de Janeiro;CENTRO;AVENIDA PRESIDENTE ANTONIO CARLOS,251
RJ;Rio de Janeiro;CENTRO;Avenida Presidente Vargas,1100
RJ;Rio de Janeiro;CENTRO;Avenida Presidente Vargas,1111
RJ;Rio de Janeiro;CENTRO;Avenida Presidente Vargas,3131
RJ;Rio de Janeiro;CENTRO;Avenida Presidente Vargas,455
RJ;Rio de Janeiro;CENTRO;Avenida Presidente Vargas,509
RJ;Rio de Janeiro;CENTRO;AVENIDA PRESIDENTE VARGAS,730
RJ;Rio de Janeiro;CENTRO;AVENIDA PRESIDENTE VARGAS,817
RJ;Rio de Janeiro;CENTRO;Avenida Presidente Vargas,955
RJ;Rio de Janeiro;CENTRO;AVENIDA PRESIDENTE WILSON,147
RJ;Rio de Janeiro;CENTRO;AVENIDA PRESIDENTE WILSON,231
RJ;Rio de Janeiro;CENTRO;Avenida REPUBLICA do Chile,100
RJ;Rio de Janeiro;CENTRO;AVENIDA REPUBLICA DO CHILE,230
RJ;Rio de Janeiro;CENTRO;AVENIDA REPUBLICA DO CHILE,330
RJ;Rio de Janeiro;CENTRO;Avenida REPUBLICA do Chile,500
RJ;Rio de Janeiro;CENTRO;AVENIDA REPUBLICA DO CHILE,65
RJ;Rio de Janeiro;CENTRO;Avenida Rio Branco,01
RJ;Rio de Janeiro;CENTRO;Avenida Rio Branco,109
RJ;Rio de Janeiro;CENTRO;Avenida Rio Branco,120
RJ;Rio de Janeiro;CENTRO;Avenida Rio Branco,131
RJ;Rio de Janeiro;CENTRO;Avenida Rio Branco,147
RJ;Rio de Janeiro;CENTRO;Avenida Rio Branco,156
RJ;Rio de Janeiro;CENTRO;AVENIDA Rio Branco,243
RJ;Rio de Janeiro;CENTRO;AVENIDA RIO BRANCO,25
RJ;Rio de Janeiro;CENTRO;AVENIDA RODRIGUES ALVES,1
RJ;Rio de Janeiro;CENTRO;Avenida Rodrigues Alves,10
RJ;Rio de Janeiro;CENTRO;Avenida Rodrigues Alves,20
RJ;Rio de Janeiro;CENTRO;AVENIDA RIO BRANCO,39
RJ;Rio de Janeiro;CENTRO;LADEIRA DE SAO BENTO,1
RJ;Rio de Janeiro;CENTRO;Largo São Francisco de Paula,42
RJ;Rio de Janeiro;CENTRO;Praça da REPUBLICA,45
RJ;Rio de Janeiro;CENTRO;Praça da REPUBLICA,70
RJ;Rio de Janeiro;CENTRO;PRACA DUQUE DE CAXIAS,25
RJ;Rio de Janeiro;CENTRO;Praça Onze de Junho,403
RJ;Rio de Janeiro;CENTRO;PRACA QUINZE DE NOVEMBRO,20
RJ;Rio de Janeiro;CENTRO;PRACA QUINZE DE NOVEMBRO,21
RJ;Rio de Janeiro;CENTRO;Praça Quinze de Novembro,6
RJ;Rio de Janeiro;CENTRO;PRACA SENADOR SALGADO FILHO
RJ;Rio de Janeiro;CENTRO;RUA 1 DE MARCO, 118
RJ;Rio de Janeiro;CENTRO;Rua Acre,21
RJ;Rio de Janeiro;CENTRO;RUA ACRE,80
RJ;Rio de Janeiro;CENTRO;RUA BARAO DE SAO FELIX,165
RJ;Rio de Janeiro;CENTRO;Rua Beco da Música,175
RJ;Rio de Janeiro;CENTRO;Rua Beneditinos,5
RJ;Rio de Janeiro;CENTRO;Rua Buenos Aires,68
RJ;Rio de Janeiro;CENTRO;RUA CANDELARIA,6
RJ;Rio de Janeiro;CENTRO;Rua Carlos de Carvalho,76
RJ;Rio de Janeiro;CENTRO;RUA CONSELHEIRO SARAIVA,8
RJ;Rio de Janeiro;CENTRO;Rua da Ajuda,243
RJ;Rio de Janeiro;CENTRO;Rua da Ajuda,35
RJ;Rio de Janeiro;CENTRO;Rua da Ajuda,5
RJ;Rio de Janeiro;CENTRO;Rua da Alfândega,91
RJ;Rio de Janeiro;CENTRO;Rua da Assembléia,10
RJ;Rio de Janeiro;CENTRO;Rua da Assembléia,19
RJ;Rio de Janeiro;CENTRO;Rua da Assembléia,83
RJ;Rio de Janeiro;CENTRO;RUA DA PASSAGEM,170
RJ;Rio de Janeiro;CENTRO;Rua do Carmo,07
RJ;Rio de Janeiro;CENTRO;RUA DO LAVRADIO,132
RJ;Rio de Janeiro;CENTRO;Rua do Mercado,34
RJ;Rio de Janeiro;CENTRO;Rua do Ouvidor,183
RJ;Rio de Janeiro;CENTRO;RUA DO RIACHUELO, 359
RJ;Rio de Janeiro;CENTRO;Rua do Senado,115
RJ;Rio de Janeiro;CENTRO;RUA DO SENADO,12
RJ;Rio de Janeiro;CENTRO;RUA DOM MANUEL,15
RJ;Rio de Janeiro;CENTRO;Rua dos Andradas,96
RJ;Rio de Janeiro;CENTRO;Rua General Caldwell,179
RJ;Rio de Janeiro;CENTRO;RUA IRINEU MARINHO,30
RJ;Rio de Janeiro;CENTRO;RUA IRINEU MARINHO,35
RJ;Rio de Janeiro;CENTRO;Rua Joaquim Silva,11
RJ;Rio de Janeiro;CENTRO;Rua Joaquim Silva,56
RJ;Rio de Janeiro;CENTRO;Rua JULIO DO CARMO,323
RJ;Rio de Janeiro;CENTRO;Rua Marquês de Pombal,25
RJ;Rio de Janeiro;CENTRO;RUA MAYRINK VEIGA,28
RJ;Rio de Janeiro;CENTRO;RUA MAYRINK VEIGA,9
RJ;Rio de Janeiro;CENTRO;Rua Miguel Couto,131
RJ;Rio de Janeiro;CENTRO;Rua Moncorvo Filho,38
RJ;Rio de Janeiro;CENTRO;RUA MORAIS E VALE,111
RJ;Rio de Janeiro;CENTRO;RUA PRIMEIRO DE MARCO,118
RJ;Rio de Janeiro;CENTRO;Rua REPUBLICA do Líbano,61
RJ;Rio de Janeiro;CENTRO;Rua Riachuelo,278
RJ;Rio de Janeiro;CENTRO;Rua Riachuelo,54
RJ;Rio de Janeiro;CENTRO;Rua Santa Luzia,651
RJ;Rio de Janeiro;CENTRO;Rua São José,35
RJ;Rio de Janeiro;CENTRO;RUA SENADOR DANTAS,61
RJ;Rio de Janeiro;CENTRO;Rua Senador Pompeu,119
RJ;Rio de Janeiro;CENTRO;RUA URUGUAIANA,13
RJ;Rio de Janeiro;CENTRO;Rua Visconde de Rio Branco,26
RJ;Rio de Janeiro;CENTRO;Travessa Belas Artes,15
RJ;Rio de Janeiro;COPACABANA;Avenida ATLANTICA,10
RJ;Rio de Janeiro;COPACABANA;Avenida ATLANTICA,1500
RJ;Rio de Janeiro;COPACABANA;Avenida ATLANTICA,1800
RJ;Rio de Janeiro;COPACABANA;Avenida ATLANTICA,2600
RJ;Rio de Janeiro;COPACABANA;AVENIDA ATLANTICA,4122
RJ;Rio de Janeiro;COPACABANA;AVENIDA ATLANTICA,4240
RJ;Rio de Janeiro;COPACABANA;Avenida ATLANTICA,458
RJ;Rio de Janeiro;Copacabana;Avenida Nossa Senhora de Copacabana,493
RJ;Rio de Janeiro;Copacabana;Avenida Padre Leonel Franca,120
RJ;Rio de Janeiro;Copacabana;Avenida Padre Leonel Franca,248
RJ;Rio de Janeiro;Copacabana;AVENIDA PRINCESA ISABEL,263
RJ;Rio de Janeiro;Copacabana;Avenida Princesa Isabel,320
RJ;Rio de Janeiro;Copacabana;Rua Santa Clara,431
RJ;Rio de Janeiro;Copacabana;Praça Eugênio Jardim,5
RJ;Rio de Janeiro;FLAMENGO;Praia do Flamengo,20
RJ;Rio de Janeiro;FLAMENGO;Praia do Flamengo,200
RJ;Rio de Janeiro;Copacabana;RUA ALMIRANTE TAMANDARE,54
RJ;Rio de Janeiro;Copacabana;Rua Barata Ribeiro,399
RJ;Rio de Janeiro;Copacabana;Rua Barata Ribeiro,692
RJ;Rio de Janeiro;COPACABANA;Rua Constante Ramos,43
RJ;Rio de Janeiro;Copacabana;Rua Constante Ramos,44
RJ;Rio de Janeiro;COPACABANA;Rua Domingos Ferreira,130
RJ;Rio de Janeiro;COPACABANA;Rua Domingos Ferreira,66
RJ;Rio de Janeiro;COPACABANA;Rua Fernando Mendes,28
RJ;Rio de Janeiro;Copacabana;RUA FERNANDO MENDES,6
RJ;Rio de Janeiro;Copacabana;RUA FIGUEIREDO DE MAGALHAES,875
RJ;Rio de Janeiro;Copacabana;RUA FIGUEIREDO DE MAGALHAES,442
RJ;Rio de Janeiro;Copacabana;Rua Figueiredo Magalhães,164
RJ;Rio de Janeiro;Copacabana;Rua Figueiredo Magalhães,875
RJ;Rio de Janeiro;Copacabana;Rua Francisco Otaviano,12
RJ;Rio de Janeiro;Copacabana;Rua Francisco Otaviano,49
RJ;Rio de Janeiro;COPACABANA;RUA FRANCISCO SA,35
RJ;Rio de Janeiro;Copacabana;Rua General Azevedo Pimentel,7
RJ;Rio de Janeiro;COPACABANA;Rua Henrique Oswald,211
RJ;Rio de Janeiro;COPACABANA;Rua Hilário de Gouveia,43
RJ;Rio de Janeiro;Copacabana;Rua Hilário de Gouveia,66
RJ;Rio de Janeiro;Copacabana;Rua Ministro Viveiros de Castro,76
RJ;Rio de Janeiro;Copacabana;Rua REPUBLICA do Peru,390
RJ;Rio de Janeiro;Copacabana;Rua Saint Roman,172
RJ;Rio de Janeiro;Copacabana;Rua Santa Clara,115
RJ;Rio de Janeiro;Copacabana;Rua Santa Clara,295
RJ;Rio de Janeiro;Copacabana;Rua Silveira Martins,164
RJ;Rio de Janeiro;Copacabana;RUA SIQUEIRA CAMPOS,143
RJ;Rio de Janeiro;Copacabana;Rua Siqueira Campos,90
RJ;Rio de Janeiro;Flamengo;Estrada da Gávea,559
RJ;Rio de Janeiro;Flamengo;Estrada da Gávea,589
RJ;Rio de Janeiro;FLAMENGO;Rua Artur Araripe,1
RJ;Rio de Janeiro;Flamengo;RUA GRACA COUTO,80
RJ;Rio de Janeiro;GAVEA;Avenida Epitácio Pessoa,2180
RJ;Rio de Janeiro;IPANEMA;AVENIDA VIEIRA SOUTO,206
RJ;Rio de Janeiro;IPANEMA;Avenida Vieira Souto,460
RJ;Rio de Janeiro;GAVEA;Praça Nossa Senhora da Paz,
RJ;Rio de Janeiro;GAVEA;Rua Alberto de Campos,66
RJ;Rio de Janeiro;GAVEA;Rua Aníbal de Mendonça,156
RJ;Rio de Janeiro;GAVEA;RUA FARME DE AMOEDO,34
RJ;Rio de Janeiro;GAVEA;RUA MARQUES DE SAO VICENTE,0
RJ;Rio de Janeiro;GAVEA;Rua Marquês de São Vicente,225
RJ;Rio de Janeiro;GAVEA;Rua Marquês de São Vicente,299
RJ;Rio de Janeiro;GAVEA;RUA MARQUES DE SAO VICENTE,30
RJ;Rio de Janeiro;GAVEA;Rua Marquês de São Vicente,52
RJ;Rio de Janeiro;GAVEA;RUA RODRIGO OTAVIO,166
RJ;Rio de Janeiro;IPANEMA;Avenida Afrânio de Melo Franco,290
RJ;Rio de Janeiro;IPANEMA;Avenida Afrânio de Melo Franco,330
RJ;Rio de Janeiro;IPANEMA;Avenida Afrânio de Melo Franco,490
RJ;Rio de Janeiro;IPANEMA;Avenida Afrânio de Melo Franco,75
RJ;Rio de Janeiro;IPANEMA;Avenida Ataulfo de Paiva,1079
RJ;Rio de Janeiro;IPANEMA;AVENIDA BARTOLOMEU MITRE,0
RJ;Rio de Janeiro;IPANEMA;AVENIDA BORGES DE MEDEIROS,0
RJ;Rio de Janeiro;IPANEMA;Rua Barão da Torre,137
RJ;Rio de Janeiro;IPANEMA;Rua Barão da Torre,19
RJ;Rio de Janeiro;IPANEMA;Rua Barão da Torre,42
RJ;Rio de Janeiro;IPANEMA;Rua Barão de Jaguaripe,
RJ;Rio de Janeiro;IPANEMA;Rua Barão de Jaguaripe,248
RJ;Rio de Janeiro;IPANEMA;Rua Joaquim Nabuco,276
RJ;Rio de Janeiro;IPANEMA;Rua Maria Quitéria,77
RJ;Rio de Janeiro;IPANEMA;Rua Nascimento Silva,196
RJ;Rio de Janeiro;IPANEMA;Rua Nascimento Silva,4
RJ;Rio de Janeiro;IPANEMA;Rua Nascimento Silva,45
RJ;Rio de Janeiro;IPANEMA;Rua Prudente de Morais,1465
RJ;Rio de Janeiro;IPANEMA;Rua Prudente de Morais,504
RJ;Rio de Janeiro;IPANEMA;Rua Visconde de Pirajá,351
RJ;Rio de Janeiro;IPANEMA;Rua Visconde de Pirajá,433
RJ;Rio de Janeiro;IPANEMA;Rua Visconde de Pirajá,511
RJ;Rio de Janeiro;IPANEMA;Rua Visconde de Pirajá,623
RJ;Rio de Janeiro;RECREIO DOS BANDEIRANTES;Avenida Alfredo Balthazar da Silveira,15
RJ;Rio de Janeiro;RECREIO DOS BANDEIRANTES;Avenida Alfredo Balthazar da Silveira,419
RJ;Rio de Janeiro;LEBLON;Avenida Ataulfo de Paiva,135
RJ;Rio de Janeiro;LEBLON;Avenida Ataulfo de Paiva,669
RJ;Rio de Janeiro;LEBLON;Avenida Bartolomeu Mitre,905
RJ;Rio de Janeiro;LEBLON;Avenida Delfim Moreira,1222
RJ;Rio de Janeiro;LEBLON;Avenida Visconde de Albuquerque,492
RJ;Rio de Janeiro;LEBLON;Rua Almirante Guilhem,332
RJ;Rio de Janeiro;LEBLON;Rua Dias Ferreira,425
RJ;Rio de Janeiro;LEBLON;Rua Dias Ferreira,658
RJ;Rio de Janeiro;LEBLON;RUA EMBAIXADOR GRACA ARANHA,519
RJ;Rio de Janeiro;LEBLON;Rua Engenheiro Cortes Sigaud,11
RJ;Rio de Janeiro;LEBLON;Rua Félix Pacheco,150
RJ;Rio de Janeiro;LEBLON;RUA HUMBERTO DE CAMPOS,315
RJ;Rio de Janeiro;LEBLON;Rua Humberto de Campos,425
RJ;Rio de Janeiro;LEBLON;RUA LEONCIO CORREIA,0
RJ;Rio de Janeiro;LEBLON;RUA TIMOTEO DA COSTA,727
RJ;Rio de Janeiro;LEBLON;Rua Timóteo da Costa,929
RJ;Rio de Janeiro;RECREIO DOS BANDEIRANTES;Avenida das AMERICAS,13733
RJ;Rio de Janeiro;RECREIO DOS BANDEIRANTES;Avenida das AMERICAS,15500
RJ;Rio de Janeiro;RECREIO DOS BANDEIRANTES;Avenida das AMERICAS,17145
RJ;Rio de Janeiro;RECREIO DOS BANDEIRANTES;AVENIDA DAS AMERICAS,19019
RJ;Rio de Janeiro;RECREIO DOS BANDEIRANTES;Avenida das AMERICAS,21777
RJ;Rio de Janeiro;RECREIO DOS BANDEIRANTES;Avenida Lúcio Costa,18000
RJ;Rio de Janeiro;SÃO CONRADO;Avenida Niemeyer,776
RJ;Rio de Janeiro;RECREIO DOS BANDEIRANTES;AVENIDA PREFEITO MENDES DE MORAIS,222
RJ;Rio de Janeiro;RECREIO DOS BANDEIRANTES;Avenida Salvador Allende,5500
RJ;Rio de Janeiro;RECREIO DOS BANDEIRANTES;Avenida Salvador Allende,6555
RJ;Rio de Janeiro;RECREIO DOS BANDEIRANTES;Estrada Benvindo de Novaes,6
RJ;Rio de Janeiro;SÃO CONRADO;Estrada da Gávea,611
RJ;Rio de Janeiro;SÃO CONRADO;Estrada da Gávea,899
RJ;Rio de Janeiro;RECREIO DOS BANDEIRANTES;Estrada do Grumari,189
RJ;Rio de Janeiro;RECREIO DOS BANDEIRANTES;RUA ANTONIO BAPTISTA BITTENCOURT,0
RJ;Rio de Janeiro;RECREIO DOS BANDEIRANTES;Rua Antônio de Magalhães,265
RJ;Rio de Janeiro;RECREIO DOS BANDEIRANTES;Rua Antônio Maroun,550
RJ;Rio de Janeiro;RECREIO DOS BANDEIRANTES;Rua Coronel Ribeiro Gomes,123
RJ;Rio de Janeiro;RECREIO DOS BANDEIRANTES;Rua Henfil,25
RJ;Rio de Janeiro;RECREIO DOS BANDEIRANTES;Rua Leiloeiro Ernani Mello,330
RJ;Rio de Janeiro;RECREIO DOS BANDEIRANTES;Rua Manoel Boucher Pinto,177
RJ;Rio de Janeiro;RECREIO DOS BANDEIRANTES;Rua Natividade,130
RJ;Rio de Janeiro;RECREIO DOS BANDEIRANTES;Rua Ricardo Mariano,211